"Date","Price","Open","High","Low","Vol.","Change %"
"07/19/2024","633.34","660.64","678.97","629.12","9.79M","-1.51%"
"07/18/2024","643.04","656.60","657.04","639.16","7.58M","-0.68%"
"07/17/2024","647.46","650.00","650.45","639.47","4.02M","-1.35%"
"07/16/2024","656.32","661.80","663.67","649.13","2.69M","-0.02%"
"07/15/2024","656.45","647.50","667.54","646.63","3.21M","1.37%"
"07/12/2024","647.60","652.75","655.92","643.71","3.36M","-0.79%"
"07/11/2024","652.75","672.48","672.48","647.44","5.11M","-3.67%"
"07/10/2024","677.65","685.02","687.22","673.16","2.65M","-1.18%"
"07/09/2024","685.74","690.00","695.27","684.72","2.60M","0.00%"
"07/08/2024","685.74","687.00","688.86","681.48","1.93M","-0.71%"
"07/05/2024","690.65","682.51","697.49","677.23","2.66M","1.19%"
"07/03/2024","682.51","677.48","683.75","675.50","1.40M","0.43%"
"07/02/2024","679.58","673.54","681.74","670.07","2.41M","0.89%"
"07/01/2024","673.61","674.89","675.02","663.78","2.21M","-0.19%"
"06/28/2024","674.88","679.00","687.00","673.08","3.41M","-1.38%"
"06/27/2024","684.34","679.35","688.57","678.14","2.40M","0.98%"
"06/26/2024","677.69","672.41","682.96","670.02","3.55M","0.79%"
"06/25/2024","672.41","673.44","673.66","662.30","2.28M","0.51%"
"06/24/2024","669.02","685.00","685.50","664.50","3.92M","-2.49%"
"06/21/2024","686.12","683.26","686.90","678.10","4.56M","1.04%"
"06/20/2024","679.03","681.80","689.88","673.72","2.59M","-0.97%"
"06/18/2024","685.67","675.63","687.06","674.64","2.94M","1.46%"
"06/17/2024","675.83","669.11","682.71","665.11","3.63M","0.96%"
"06/14/2024","669.38","655.05","675.58","652.64","4.45M","2.47%"
"06/13/2024","653.26","644.00","655.25","642.35","1.86M","0.49%"
"06/12/2024","650.06","652.21","655.78","643.11","2.09M","0.23%"
"06/11/2024","648.55","640.72","650.19","640.52","2.17M","0.63%"
"06/10/2024","644.50","641.01","644.79","635.59","2.07M","0.47%"
"06/07/2024","641.47","649.38","650.40","640.24","1.88M","-1.09%"
"06/06/2024","648.52","644.89","657.99","644.24","2.47M","-0.27%"
"06/05/2024","650.27","634.02","651.25","628.25","2.68M","2.95%"
"06/04/2024","631.62","633.78","635.23","626.44","3.01M","-0.34%"
"06/03/2024","633.79","645.22","646.78","627.27","2.32M","-1.22%"
"05/31/2024","641.62","644.01","648.58","628.30","4.07M","-0.93%"
"05/30/2024","647.66","653.52","656.49","644.73","2.39M","-1.06%"
"05/29/2024","654.62","644.13","664.25","643.89","3.70M","0.87%"
"05/28/2024","649.00","647.05","649.75","643.03","2.61M","0.35%"
"05/24/2024","646.75","639.40","652.00","637.60","2.62M","1.74%"
"05/23/2024","635.67","642.34","642.71","630.00","2.31M","-0.75%"
"05/22/2024","640.47","647.14","649.25","638.12","2.18M","-1.56%"
"05/21/2024","650.61","636.76","650.88","634.22","2.92M","1.53%"
"05/20/2024","640.82","620.40","644.37","619.52","3.86M","3.18%"
"05/17/2024","621.10","617.00","625.79","614.71","3.78M","1.73%"
"05/16/2024","610.52","615.75","618.34","609.09","3.06M","-0.49%"
"05/15/2024","613.52","618.57","624.10","609.10","5.67M","-0.02%"
"05/14/2024","613.66","615.17","621.48","608.40","2.79M","-0.48%"
"05/13/2024","616.59","614.30","618.22","606.83","2.09M","0.94%"
"05/10/2024","610.87","619.00","623.98","605.06","2.65M","-0.20%"
"05/09/2024","612.09","614.40","615.72","605.75","2.07M","0.43%"
"05/08/2024","609.47","601.63","618.22","601.63","3.09M","0.57%"
"05/07/2024","606.00","596.28","606.05","591.32","3.61M","1.51%"
"05/06/2024","596.97","581.82","597.34","580.25","3.69M","3.04%"
"05/03/2024","579.34","566.00","580.26","565.16","3.31M","2.51%"
"05/02/2024","565.15","556.02","565.46","555.59","3.07M","2.44%"
"05/01/2024","551.71","547.84","560.39","544.25","3.47M","0.19%"
"04/30/2024","550.64","560.00","560.00","549.38","3.36M","-1.58%"
"04/29/2024","559.49","559.18","559.64","554.24","2.51M","-0.31%"
"04/26/2024","561.23","558.21","562.92","553.19","4.33M","-0.63%"
"04/25/2024","564.80","549.46","566.54","545.71","3.81M","1.74%"
"04/24/2024","555.12","574.31","576.91","551.30","5.36M","-3.92%"
"04/23/2024","577.75","556.49","579.21","555.28","4.98M","4.17%"
"04/22/2024","554.60","550.66","558.61","542.01","8.60M","-0.08%"
"04/19/2024","555.04","567.88","579.00","552.16","16.45M","-9.09%"
"04/18/2024","610.56","612.10","621.33","605.43","8.47M","-0.51%"
"04/17/2024","613.69","620.97","620.97","607.71","3.31M","-0.62%"
"04/16/2024","617.52","607.50","622.45","607.50","3.52M","1.71%"
"04/15/2024","607.15","630.17","630.17","603.87","3.09M","-2.52%"
"04/12/2024","622.83","628.23","633.12","618.91","2.96M","-0.95%"
"04/11/2024","628.78","624.42","631.66","617.24","2.66M","1.65%"
"04/10/2024","618.58","610.97","620.14","609.34","2.81M","0.06%"
"04/09/2024","618.20","631.99","631.99","615.63","2.15M","-1.62%"
"04/08/2024","628.41","636.39","639.00","628.11","2.15M","-1.22%"
"04/05/2024","636.18","624.92","637.91","622.71","3.38M","3.09%"
"04/04/2024","617.14","633.21","638.00","616.58","3.06M","-2.05%"
"04/03/2024","630.08","612.74","630.41","611.50","2.93M","2.58%"
"04/02/2024","614.21","611.00","615.03","605.51","2.03M","-0.02%"
"04/01/2024","614.31","608.00","615.11","605.57","2.12M","1.15%"
"03/28/2024","607.33","614.99","615.00","601.59","3.71M","-1.01%"
"03/27/2024","613.53","629.01","631.35","610.73","2.63M","-2.50%"
"03/26/2024","629.24","625.20","634.39","619.18","2.80M","0.28%"
"03/25/2024","627.46","627.90","630.46","623.16","1.80M","-0.09%"
"03/22/2024","628.01","624.16","629.05","621.00","2.14M","0.85%"
"03/21/2024","622.71","630.65","634.36","622.33","2.51M","-0.79%"
"03/20/2024","627.69","619.95","629.51","618.34","2.64M","1.12%"
"03/19/2024","620.74","615.62","621.28","608.00","2.14M","0.38%"
"03/18/2024","618.39","613.56","627.41","610.45","3.34M","2.06%"
"03/15/2024","605.88","622.92","622.92","603.82","6.67M","-1.16%"
"03/14/2024","613.01","615.00","620.80","607.35","3.12M","0.58%"
"03/13/2024","609.45","613.37","614.85","607.21","2.19M","-0.27%"
"03/12/2024","611.08","600.21","615.30","596.27","2.82M","1.69%"
"03/11/2024","600.93","608.08","611.00","600.37","2.50M","-0.64%"
"03/08/2024","604.82","608.27","616.09","600.84","2.78M","-0.61%"
"03/07/2024","608.51","599.34","610.53","595.90","2.74M","1.81%"
"03/06/2024","597.69","602.99","607.93","593.56","2.47M","-0.14%"
"03/05/2024","598.50","610.10","610.91","592.00","3.85M","-2.81%"
"03/04/2024","615.83","621.56","624.42","615.08","3.02M","-0.57%"
"03/01/2024","619.34","599.81","620.28","599.50","4.27M","2.72%"
"02/29/2024","602.92","604.25","604.52","595.16","3.57M","1.08%"
"02/28/2024","596.48","595.79","598.17","590.01","2.61M","-0.86%"
"02/27/2024","601.67","595.00","605.36","592.33","4.49M","2.39%"
"02/26/2024","587.65","583.56","590.75","583.27","2.39M","0.70%"
"02/23/2024","583.56","586.40","592.43","579.82","2.57M","-0.83%"
"02/22/2024","588.47","582.75","590.85","578.89","3.53M","2.64%"
"02/21/2024","573.35","573.51","575.78","567.32","2.28M","-0.31%"
"02/20/2024","575.13","580.18","586.00","569.66","3.12M","-1.51%"
"02/16/2024","583.95","596.95","597.00","577.46","4.33M","-1.60%"
"02/15/2024","593.46","581.91","593.77","580.32","5.22M","2.44%"
"02/14/2024","579.33","567.26","581.25","564.34","5.63M","4.47%"
"02/13/2024","554.52","550.80","559.20","549.00","3.51M","-0.60%"
"02/12/2024","557.85","560.36","568.44","557.00","3.61M","-0.62%"
"02/09/2024","561.32","565.00","566.00","558.10","3.06M","0.50%"
"02/08/2024","558.53","560.55","563.70","555.74","3.18M","-0.14%"
"02/07/2024","559.30","558.16","567.80","554.98","4.37M","0.62%"
"02/06/2024","555.88","564.12","566.34","554.37","2.84M","-1.10%"
"02/05/2024","562.06","562.47","575.75","557.20","4.14M","-0.46%"
"02/02/2024","564.64","564.52","567.80","562.37","4.03M","-0.51%"
"02/01/2024","567.51","567.02","572.66","563.83","3.17M","0.60%"
"01/31/2024","564.11","562.85","572.15","562.04","4.86M","0.22%"
"01/30/2024","562.85","567.32","570.88","560.82","6.18M","-2.25%"
"01/29/2024","575.79","571.35","578.55","562.68","6.91M","0.94%"
"01/26/2024","570.42","561.81","579.64","558.43","12.77M","1.50%"
"01/25/2024","562.00","551.95","563.46","548.46","9.45M","3.14%"
"01/24/2024","544.87","537.75","562.50","537.07","26.43M","10.70%"
"01/23/2024","492.19","492.00","498.96","481.40","15.51M","1.33%"
"01/22/2024","485.71","487.55","489.80","479.90","5.21M","0.57%"
"01/19/2024","482.95","484.98","485.67","476.06","5.67M","-0.49%"
"01/18/2024","485.31","480.03","485.77","478.02","4.05M","1.04%"
"01/17/2024","480.33","484.50","486.21","475.26","4.89M","-0.19%"
"01/16/2024","481.24","490.00","494.15","478.02","4.68M","-2.22%"
"01/12/2024","492.16","500.51","500.79","490.61","5.00M","-0.01%"
"01/11/2024","492.23","492.54","503.41","483.82","7.99M","2.91%"
"01/10/2024","478.33","481.60","487.00","472.95","4.34M","-0.78%"
"01/09/2024","482.09","475.53","485.08","473.80","3.53M","-0.61%"
"01/08/2024","485.03","473.89","485.24","473.65","3.68M","2.31%"
"01/05/2024","474.06","476.50","479.55","471.80","2.63M","-0.13%"
"01/04/2024","474.67","472.98","480.74","466.53","3.64M","0.94%"
"01/03/2024","470.26","467.32","475.05","465.77","3.44M","0.38%"
"01/02/2024","468.50","483.18","484.65","461.86","5.05M","-3.78%"
"12/29/2023","486.88","490.37","492.23","481.93","2.74M","-0.74%"
"12/28/2023","490.51","492.00","492.89","489.07","1.71M","-0.26%"
"12/27/2023","491.79","491.24","494.02","489.25","2.56M","0.12%"
"12/26/2023","491.19","489.39","491.48","486.38","2.03M","0.91%"
"12/22/2023","486.76","494.00","496.02","485.45","2.70M","-0.99%"
"12/21/2023","491.61","492.66","494.40","486.77","2.76M","0.48%"
"12/20/2023","489.27","492.00","500.89","488.39","4.56M","-1.16%"
"12/19/2023","495.02","488.40","496.14","484.06","3.85M","1.83%"
"12/18/2023","486.12","476.30","492.04","475.10","6.41M","2.98%"
"12/15/2023","472.06","467.30","473.00","467.30","7.84M","0.47%"
"12/14/2023","469.83","480.36","480.76","464.76","5.18M","-2.11%"
"12/13/2023","479.98","461.98","481.25","461.98","5.82M","3.67%"
"12/12/2023","463.00","465.23","465.61","459.20","3.30M","0.68%"
"12/11/2023","459.89","459.36","470.65","457.21","4.93M","1.35%"
"12/08/2023","453.76","450.76","455.50","450.76","3.46M","0.39%"
"12/07/2023","452.00","450.85","452.89","448.32","3.51M","1.18%"
"12/06/2023","446.73","460.00","460.50","445.73","4.18M","-1.85%"
"12/05/2023","455.15","450.70","456.39","449.58","3.38M","0.28%"
"12/04/2023","453.90","460.99","461.20","451.20","5.16M","-2.54%"
"12/01/2023","465.74","473.17","475.23","464.60","4.34M","-1.74%"
"11/30/2023","473.97","475.31","478.59","470.42","4.29M","-0.67%"
"11/29/2023","477.19","479.00","480.99","474.49","2.86M","-0.38%"
"11/28/2023","479.00","478.11","480.50","475.95","2.89M","-0.04%"
"11/27/2023","479.17","479.03","482.00","475.35","3.63M","-0.08%"
"11/24/2023","479.56","477.11","480.40","475.20","1.40M","0.33%"
"11/22/2023","478.00","476.80","482.70","476.56","2.84M","0.64%"
"11/21/2023","474.95","472.63","477.02","471.21","3.00M","0.10%"
"11/20/2023","474.47","465.40","476.76","465.40","3.62M","1.84%"
"11/17/2023","465.91","466.95","467.65","462.76","2.80M","-0.22%"
"11/16/2023","466.95","463.00","467.28","459.65","3.66M","1.08%"
"11/15/2023","461.94","452.81","462.75","452.45","5.04M","2.96%"
"11/14/2023","448.65","448.78","454.08","445.64","4.06M","0.91%"
"11/13/2023","444.62","447.25","448.43","442.60","2.90M","-0.59%"
"11/10/2023","447.24","437.48","447.48","435.51","4.44M","2.78%"
"11/09/2023","435.15","438.03","440.38","434.35","2.74M","-0.34%"
"11/08/2023","436.65","435.00","438.07","433.68","2.36M","0.47%"
"11/07/2023","434.61","436.18","437.64","431.00","3.29M","-0.03%"
"11/06/2023","434.74","434.38","435.03","429.61","3.00M","0.55%"
"11/03/2023","432.36","428.76","434.82","425.53","3.67M","1.80%"
"11/02/2023","424.71","421.17","426.69","417.10","4.48M","1.08%"
"11/01/2023","420.19","414.77","420.60","414.18","4.81M","2.06%"
"10/31/2023","411.69","409.24","412.52","404.63","3.88M","0.39%"
"10/30/2023","410.08","402.35","412.82","399.41","5.32M","3.07%"
"10/27/2023","397.87","406.42","410.21","395.62","5.00M","-1.41%"
"10/26/2023","403.54","411.42","417.31","401.54","6.85M","-1.87%"
"10/25/2023","411.25","416.02","418.84","410.11","6.30M","-0.60%"
"10/24/2023","413.73","409.68","416.69","408.39","6.46M","1.69%"
"10/23/2023","406.84","403.32","407.54","398.52","7.39M","1.47%"
"10/20/2023","400.96","405.63","410.64","398.01","12.78M","-0.20%"
"10/19/2023","401.77","404.74","408.95","392.26","28.07M","16.05%"
"10/18/2023","346.19","351.00","354.79","344.73","11.43M","-2.68%"
"10/17/2023","355.72","361.10","362.70","353.89","5.91M","-1.41%"
"10/16/2023","360.82","356.21","363.08","354.77","5.13M","1.45%"
"10/13/2023","355.68","355.64","358.93","352.05","6.32M","-1.53%"
"10/12/2023","361.20","366.48","368.83","359.05","7.38M","-1.29%"
"10/11/2023","365.93","372.77","377.81","365.34","9.15M","-1.98%"
"10/10/2023","373.32","385.58","388.70","372.25","7.29M","-3.27%"
"10/09/2023","385.95","378.05","387.17","377.76","3.30M","1.16%"
"10/06/2023","381.51","368.43","382.52","367.77","4.78M","2.39%"
"10/05/2023","372.59","378.01","378.60","367.24","5.03M","-1.14%"
"10/04/2023","376.90","376.50","380.22","373.58","4.30M","0.04%"
"10/03/2023","376.75","377.11","394.90","372.85","8.88M","-0.94%"
"10/02/2023","380.33","377.48","384.81","376.80","3.10M","0.72%"
"09/29/2023","377.60","380.00","382.58","375.35","4.21M","0.33%"
"09/28/2023","376.36","375.60","378.96","371.10","4.37M","-0.33%"
"09/27/2023","377.59","382.40","384.22","376.25","3.84M","-0.44%"
"09/26/2023","379.25","382.88","384.56","377.36","4.09M","-1.44%"
"09/25/2023","384.80","382.90","386.62","380.81","3.76M","1.31%"
"09/22/2023","379.81","385.00","386.88","378.36","3.70M","-1.13%"
"09/21/2023","384.15","386.50","395.90","383.42","5.56M","-0.56%"
"09/20/2023","386.30","397.05","397.98","386.12","3.87M","-2.50%"
"09/19/2023","396.20","392.84","398.23","390.24","4.08M","0.46%"
"09/18/2023","394.40","395.50","399.46","392.60","4.70M","-0.64%"
"09/15/2023","396.94","401.00","404.70","395.03","9.12M","-0.89%"
"09/14/2023","400.49","410.40","411.39","400.00","10.71M","-2.85%"
"09/13/2023","412.24","435.50","438.40","410.69","11.84M","-5.16%"
"09/12/2023","434.69","442.85","445.44","434.12","3.12M","-2.40%"
"09/11/2023","445.36","443.07","449.89","442.75","2.91M","0.58%"
"09/08/2023","442.80","443.56","446.81","438.85","2.70M","-0.08%"
"09/07/2023","443.14","441.15","444.60","436.70","2.92M","-0.59%"
"09/06/2023","445.76","448.61","451.39","440.49","3.86M","-0.65%"
"09/05/2023","448.68","438.39","453.45","438.00","6.16M","2.00%"
"09/01/2023","439.88","437.73","445.50","435.93","4.79M","1.43%"
"08/31/2023","433.68","431.23","437.15","431.23","3.80M","-0.23%"
"08/30/2023","434.67","430.85","438.16","428.35","3.63M","1.09%"
"08/29/2023","429.99","416.00","432.17","414.50","4.49M","2.85%"
"08/28/2023","418.06","418.04","419.83","413.27","2.93M","0.49%"
"08/25/2023","416.03","412.00","419.25","407.56","5.39M","2.24%"
"08/24/2023","406.93","425.41","427.59","406.17","5.69M","-4.82%"
"08/23/2023","427.55","418.40","437.02","417.71","8.17M","3.48%"
"08/22/2023","413.17","409.00","415.74","407.40","3.60M","1.20%"
"08/21/2023","408.29","402.23","409.61","399.50","3.86M","0.93%"
"08/18/2023","404.53","399.33","406.52","398.15","4.31M","0.38%"
"08/17/2023","403.00","415.00","415.24","401.58","6.03M","-3.00%"
"08/16/2023","415.45","423.73","424.51","415.25","3.97M","-1.95%"
"08/15/2023","423.70","424.41","429.12","421.04","3.37M","-0.95%"
"08/14/2023","427.78","421.99","428.85","418.78","3.97M","1.45%"
"08/11/2023","421.66","428.98","430.63","421.33","3.93M","-1.93%"
"08/10/2023","429.98","431.12","438.12","428.69","5.47M","0.25%"
"08/09/2023","428.90","439.74","440.62","427.59","3.85M","-2.14%"
"08/08/2023","438.30","440.36","443.57","435.10","3.77M","-0.56%"
"08/07/2023","440.76","436.45","441.11","428.91","4.78M","2.12%"
"08/04/2023","431.60","433.06","436.50","426.27","5.44M","0.14%"
"08/03/2023","431.00","427.80","441.93","427.19","6.26M","0.30%"
"08/02/2023","429.70","435.23","435.56","426.56","4.92M","-2.03%"
"08/01/2023","438.62","437.37","445.25","431.40","5.73M","-0.08%"
"07/31/2023","438.97","426.51","439.13","426.30","6.59M","3.10%"
"07/28/2023","425.78","415.56","427.47","413.76","6.43M","3.05%"
"07/27/2023","413.17","426.90","427.52","411.88","6.59M","-2.25%"
"07/26/2023","422.67","424.20","425.26","415.59","6.01M","-1.18%"
"07/25/2023","427.70","427.18","430.88","426.13","4.86M","-0.16%"
"07/24/2023","428.37","425.00","428.64","419.19","8.28M","0.20%"
"07/21/2023","427.50","437.37","438.24","423.19","17.34M","-2.27%"
"07/20/2023","437.42","447.00","448.50","432.00","23.99M","-8.41%"
"07/19/2023","477.59","476.86","485.00","470.00","21.00M","0.59%"
"07/18/2023","474.80","451.00","478.15","448.78","13.20M","5.50%"
"07/17/2023","450.05","445.57","456.68","445.11","6.90M","1.84%"
"07/14/2023","441.91","452.79","456.48","439.70","7.20M","-1.88%"
"07/13/2023","450.38","447.00","451.67","441.18","6.16M","1.43%"
"07/12/2023","444.05","444.55","445.41","437.75","5.73M","0.87%"
"07/11/2023","440.21","438.65","440.80","431.04","4.57M","-0.34%"
"07/10/2023","441.71","438.52","444.41","436.82","4.25M","0.82%"
"07/07/2023","438.10","438.60","442.33","435.84","4.17M","-0.17%"
"07/06/2023","438.84","440.00","442.80","430.72","4.94M","-1.58%"
"07/05/2023","445.90","444.91","450.97","439.62","6.88M","1.01%"
"07/03/2023","441.44","439.76","441.55","431.62","3.73M","0.22%"
"06/30/2023","440.49","431.10","444.12","431.10","7.35M","2.86%"
"06/29/2023","428.24","434.33","437.85","426.15","4.93M","-0.37%"
"06/28/2023","429.84","423.10","437.29","422.89","8.81M","3.06%"
"06/27/2023","417.08","417.39","420.88","411.50","4.82M","0.27%"
"06/26/2023","415.94","422.43","430.96","414.90","4.64M","-1.91%"
"06/23/2023","424.02","418.59","425.82","417.73","8.30M","0.36%"
"06/22/2023","422.48","422.93","424.71","418.68","4.87M","-0.46%"
"06/21/2023","424.45","432.65","434.55","422.54","5.15M","-2.36%"
"06/20/2023","434.70","430.18","440.00","430.00","4.76M","0.63%"
"06/16/2023","431.96","446.15","447.51","430.90","8.75M","-2.99%"
"06/15/2023","445.27","444.10","448.65","439.50","7.10M","1.00%"
"06/14/2023","440.86","434.99","447.33","433.50","8.41M","1.18%"
"06/13/2023","435.73","430.01","437.27","428.40","7.82M","2.77%"
"06/12/2023","423.97","418.83","424.70","416.57","5.97M","0.94%"
"06/09/2023","420.02","424.50","425.90","414.76","12.37M","2.60%"
"06/08/2023","409.37","399.77","409.54","396.34","5.99M","2.40%"
"06/07/2023","399.77","410.43","418.95","399.23","11.93M","0.12%"
"06/06/2023","399.29","405.00","405.12","396.93","4.99M","-1.05%"
"06/05/2023","403.54","400.47","413.86","400.15","7.25M","0.77%"
"06/02/2023","400.47","402.89","406.58","395.90","5.90M","-0.66%"
"06/01/2023","403.13","397.41","407.52","393.08","7.16M","2.00%"
"05/31/2023","395.23","391.89","396.26","388.91","6.99M","0.57%"
"05/30/2023","392.98","397.48","405.11","385.79","10.86M","3.72%"
"05/26/2023","378.88","361.10","383.76","356.00","9.36M","5.54%"
"05/25/2023","359.00","359.61","367.45","357.42","6.26M","-1.60%"
"05/24/2023","364.85","356.93","367.15","356.63","7.97M","2.49%"
"05/23/2023","355.99","360.24","364.17","354.31","6.87M","-1.93%"
"05/22/2023","363.01","365.36","372.01","362.50","5.41M","-0.64%"
"05/19/2023","365.36","369.86","369.99","363.81","7.86M","-1.60%"
"05/18/2023","371.29","347.25","375.87","346.37","20.93M","9.22%"
"05/17/2023","339.96","331.76","341.38","329.61","3.96M","1.86%"
"05/16/2023","333.75","334.00","335.17","331.91","3.33M","-0.64%"
"05/15/2023","335.89","340.62","341.90","335.54","3.65M","-1.18%"
"05/12/2023","339.89","344.76","348.17","337.36","6.08M","-1.41%"
"05/11/2023","344.76","334.98","345.47","331.84","8.03M","2.78%"
"05/10/2023","335.42","335.21","337.11","329.51","4.29M","0.99%"
"05/09/2023","332.14","330.67","336.32","329.74","5.54M","0.28%"
"05/08/2023","331.21","322.99","332.56","322.03","5.49M","2.62%"
"05/05/2023","322.76","323.61","324.15","319.44","3.99M","0.62%"
"05/04/2023","320.78","319.01","323.61","317.95","3.88M","0.46%"
"05/03/2023","319.30","317.55","324.62","315.85","5.06M","0.55%"
"05/02/2023","317.55","325.00","326.07","315.62","4.32M","-2.03%"
"05/01/2023","324.12","329.43","331.23","318.09","5.34M","-1.76%"
"04/28/2023","329.93","325.24","330.81","324.00","4.23M","1.25%"
"04/27/2023","325.85","324.30","327.45","317.44","5.62M","1.46%"
"04/26/2023","321.15","321.36","325.90","320.47","4.62M","-0.43%"
"04/25/2023","322.55","328.50","328.65","321.10","5.43M","-1.97%"
"04/24/2023","329.02","330.20","334.66","326.75","5.59M","0.32%"
"04/21/2023","327.98","323.00","328.29","319.50","6.35M","0.81%"
"04/20/2023","325.35","320.39","331.43","318.33","9.95M","0.69%"
"04/19/2023","323.12","324.21","325.75","316.10","22.13M","-3.17%"
"04/18/2023","333.70","335.00","337.19","330.50","17.94M","0.29%"
"04/17/2023","332.72","338.00","338.39","327.50","6.14M","-1.75%"
"04/14/2023","338.63","342.94","344.85","336.41","5.35M","-2.18%"
"04/13/2023","346.19","339.99","346.43","338.75","7.41M","4.58%"
"04/12/2023","331.03","340.81","342.80","330.04","3.97M","-2.12%"
"04/11/2023","338.21","343.45","347.14","337.64","4.04M","-0.23%"
"04/10/2023","338.99","335.27","339.88","333.36","2.66M","-0.10%"
"04/06/2023","339.33","339.34","340.48","332.63","4.66M","-0.88%"
"04/05/2023","342.35","345.30","345.43","336.25","4.21M","-1.27%"
"04/04/2023","346.75","348.49","349.80","343.95","3.30M","-0.44%"
"04/03/2023","348.28","341.83","348.58","340.40","4.41M","0.81%"
"03/31/2023","345.48","340.05","345.84","337.20","5.61M","2.08%"
"03/30/2023","338.43","340.27","343.29","335.30","7.13M","1.93%"
"03/29/2023","332.03","326.29","332.85","325.73","6.29M","2.63%"
"03/28/2023","323.52","326.06","333.32","321.28","6.49M","-1.26%"
"03/27/2023","327.66","327.55","336.44","324.41","8.63M","-0.22%"
"03/24/2023","328.39","320.63","331.83","320.63","13.00M","2.50%"
"03/23/2023","320.37","304.68","322.78","304.14","15.65M","9.01%"
"03/22/2023","293.90","306.31","306.45","293.54","5.81M","-3.89%"
"03/21/2023","305.79","306.32","307.92","300.43","4.89M","0.22%"
"03/20/2023","305.13","299.79","307.50","296.00","5.11M","0.54%"
"03/17/2023","303.50","310.06","310.76","300.00","6.92M","-2.12%"
"03/16/2023","310.06","304.75","316.60","301.71","7.91M","2.06%"
"03/15/2023","303.79","292.51","306.31","292.28","9.22M","3.00%"
"03/14/2023","294.94","295.97","297.45","290.31","5.96M","0.49%"
"03/13/2023","293.51","287.34","299.24","285.33","6.29M","0.26%"
"03/10/2023","292.76","297.90","298.79","289.00","5.76M","-1.69%"
"03/09/2023","297.78","312.08","312.51","294.88","7.44M","-4.49%"
"03/08/2023","311.79","309.29","311.83","305.75","3.48M","1.08%"
"03/07/2023","308.47","312.67","314.30","306.62","4.55M","-1.14%"
"03/06/2023","312.03","317.00","323.30","311.84","5.66M","-1.00%"
"03/03/2023","315.18","315.45","317.49","310.82","5.95M","1.06%"
"03/02/2023","311.88","310.96","315.57","310.38","4.92M","-0.51%"
"03/01/2023","313.48","321.55","326.60","312.36","4.91M","-2.69%"
"02/28/2023","322.13","323.70","327.62","321.17","3.68M","-0.28%"
"02/27/2023","323.03","323.87","330.00","322.12","6.14M","1.85%"
"02/24/2023","317.15","319.30","321.50","314.52","6.83M","-2.01%"
"02/23/2023","323.65","331.23","331.28","314.30","13.24M","-3.35%"
"02/22/2023","334.88","337.50","341.91","332.82","4.55M","-0.78%"
"02/21/2023","337.50","342.85","344.13","336.42","5.71M","-3.01%"
"02/17/2023","347.96","347.90","349.00","342.44","5.29M","-0.78%"
"02/16/2023","350.71","355.00","361.50","350.31","5.22M","-2.96%"
"02/15/2023","361.42","356.63","362.88","354.24","3.97M","0.41%"
"02/14/2023","359.96","357.55","363.75","353.40","4.62M","0.39%"
"02/13/2023","358.57","349.50","359.70","344.25","7.13M","3.23%"
"02/10/2023","347.36","359.16","362.14","347.14","7.29M","-4.18%"
"02/09/2023","362.50","372.41","373.83","361.74","6.90M","-1.18%"
"02/08/2023","366.83","360.02","368.19","358.31","6.25M","1.07%"
"02/07/2023","362.95","358.51","364.18","354.18","6.29M","0.41%"
"02/06/2023","361.48","363.64","368.45","360.68","4.99M","-1.21%"
"02/03/2023","365.90","359.08","379.43","359.00","9.40M","-0.27%"
"02/02/2023","366.89","365.16","368.32","358.43","7.86M","1.35%"
"02/01/2023","361.99","353.86","365.39","349.91","8.01M","2.30%"
"01/31/2023","353.86","349.98","355.95","348.71","5.66M","0.21%"
"01/30/2023","353.11","358.44","360.95","352.86","5.13M","-2.12%"
"01/27/2023","360.77","363.20","365.92","360.59","6.70M","-1.12%"
"01/26/2023","364.87","368.77","369.02","361.70","8.26M","-0.84%"
"01/25/2023","367.96","360.57","368.90","358.50","7.77M","1.14%"
"01/24/2023","363.83","357.53","365.65","355.14","11.80M","1.79%"
"01/23/2023","357.42","341.71","362.25","340.63","15.65M","4.36%"
"01/20/2023","342.50","336.79","344.00","332.63","28.43M","8.46%"
"01/19/2023","315.78","322.57","324.89","313.39","18.01M","-3.23%"
"01/18/2023","326.33","326.75","330.08","321.25","7.81M","0.03%"
"01/17/2023","326.22","331.08","332.50","323.60","9.25M","-1.98%"
"01/13/2023","332.82","329.97","336.65","328.89","8.29M","0.81%"
"01/12/2023","330.13","332.50","332.95","323.14","10.86M","0.88%"
"01/11/2023","327.26","326.50","328.88","321.35","9.58M","-0.09%"
"01/10/2023","327.54","311.07","329.35","311.07","13.07M","3.92%"
"01/09/2023","315.17","316.83","321.70","313.22","6.77M","-0.12%"
"01/06/2023","315.55","311.57","316.77","303.69","8.96M","1.89%"
"01/05/2023","309.70","307.00","314.18","304.55","8.33M","0.09%"
"01/04/2023","309.41","298.24","311.14","295.51","9.35M","4.90%"
"01/03/2023","294.95","298.06","298.39","288.70","6.76M","0.02%"
"12/30/2022","294.88","285.53","295.01","283.22","7.57M","1.29%"
"12/29/2022","291.12","283.18","295.50","281.01","9.59M","5.14%"
"12/28/2022","276.88","281.92","285.19","273.41","5.96M","-2.57%"
"12/27/2022","284.17","293.19","293.57","282.13","5.78M","-3.66%"
"12/23/2022","294.96","296.18","298.46","291.91","4.25M","-0.94%"
"12/22/2022","297.75","298.09","298.88","290.81","7.86M","-0.07%"
"12/21/2022","297.96","289.99","300.66","286.50","6.38M","3.39%"
"12/20/2022","288.19","281.24","289.28","280.81","6.92M","-0.04%"
"12/19/2022","288.30","289.73","292.25","286.13","6.16M","-0.83%"
"12/16/2022","290.71","288.76","294.72","288.70","14.08M","0.10%"
"12/15/2022","290.41","302.12","303.39","286.55","17.72M","-8.63%"
"12/14/2022","317.83","318.97","324.71","314.42","7.54M","-0.78%"
"12/13/2022","320.34","328.00","332.72","317.20","10.76M","1.64%"
"12/12/2022","315.18","320.00","323.18","308.85","10.15M","-1.51%"
"12/09/2022","320.01","321.45","329.00","319.52","14.36M","3.14%"
"12/08/2022","310.26","309.11","312.38","304.81","7.21M","0.60%"
"12/07/2022","308.42","306.50","309.61","302.10","7.82M","0.94%"
"12/06/2022","305.56","311.00","313.22","303.13","7.20M","-2.25%"
"12/05/2022","312.59","316.46","322.77","310.92","8.42M","-2.44%"
"12/02/2022","320.41","310.49","321.99","310.00","12.69M","1.09%"
"12/01/2022","316.95","303.99","319.80","303.03","14.66M","3.74%"
"11/30/2022","305.53","281.37","308.26","280.41","16.07M","8.75%"
"11/29/2022","280.96","282.50","282.96","275.94","5.79M","-0.07%"
"11/28/2022","281.17","284.00","289.55","280.53","4.71M","-1.53%"
"11/25/2022","285.54","289.00","289.21","284.17","3.24M","-2.04%"
"11/23/2022","291.50","285.91","292.47","283.76","5.92M","1.68%"
"11/22/2022","286.69","284.99","286.98","277.34","6.25M","0.58%"
"11/21/2022","285.05","291.00","291.87","282.66","7.26M","-1.02%"
"11/18/2022","287.98","297.33","298.00","287.00","8.40M","-2.47%"
"11/17/2022","295.28","294.72","299.82","291.00","9.84M","-3.51%"
"11/16/2022","306.02","309.94","310.49","303.61","8.04M","-1.35%"
"11/15/2022","310.20","309.20","312.71","302.55","14.63M","3.65%"
"11/14/2022","299.27","290.00","311.00","288.19","17.97M","3.15%"
"11/11/2022","290.13","274.47","290.66","271.56","9.57M","5.51%"
"11/10/2022","274.97","265.99","275.36","260.09","9.67M","7.98%"
"11/09/2022","254.66","259.66","260.90","254.22","7.27M","-3.34%"
"11/08/2022","263.46","259.92","266.08","256.88","7.68M","1.88%"
"11/07/2022","258.60","261.06","261.15","252.09","7.93M","-0.84%"
"11/04/2022","260.79","272.02","274.97","255.32","11.12M","-3.07%"
"11/03/2022","269.06","271.25","276.29","268.80","7.06M","-1.44%"
"11/02/2022","273.00","286.40","287.33","272.84","10.37M","-4.80%"
"11/01/2022","286.75","296.17","299.70","286.42","6.92M","-1.76%"
"10/31/2022","291.88","295.13","297.62","289.50","7.51M","-1.30%"
"10/28/2022","295.72","297.70","301.19","292.29","9.96M","-0.41%"
"10/27/2022","296.94","298.33","305.21","294.78","14.61M","-0.56%"
"10/26/2022","298.62","290.04","305.63","288.04","15.75M","2.61%"
"10/25/2022","291.02","286.95","297.59","285.55","15.10M","3.03%"
"10/24/2022","282.45","290.23","290.49","280.36","13.33M","-2.46%"
"10/21/2022","289.57","268.95","290.75","265.68","24.89M","7.98%"
"10/20/2022","268.16","272.78","278.38","266.38","17.21M","-1.55%"
"10/19/2022","272.38","265.00","279.30","262.66","46.69M","13.09%"
"10/18/2022","240.86","249.80","250.37","237.73","25.78M","-1.73%"
"10/17/2022","245.10","234.41","249.92","234.40","21.06M","6.57%"
"10/14/2022","230.00","237.80","238.80","229.51","15.29M","-1.08%"
"10/13/2022","232.51","212.69","234.47","211.73","17.51M","5.27%"
"10/12/2022","220.87","214.30","223.67","212.64","12.95M","3.07%"
"10/11/2022","214.29","226.05","230.44","213.70","15.28M","-6.82%"
"10/10/2022","229.98","225.64","233.83","224.23","9.99M","2.33%"
"10/07/2022","224.75","235.77","237.33","224.28","9.81M","-6.36%"
"10/06/2022","240.02","236.68","244.28","233.91","9.19M","1.39%"
"10/05/2022","236.73","238.76","241.59","227.38","10.83M","-1.67%"
"10/04/2022","240.74","244.84","245.80","233.25","13.93M","0.71%"
"10/03/2022","239.04","237.85","241.54","232.85","8.66M","1.53%"
"09/30/2022","235.44","237.00","242.44","233.26","11.85M","-1.78%"
"09/29/2022","239.71","241.61","246.98","235.68","18.99M","-2.24%"
"09/28/2022","245.20","229.69","246.65","227.38","17.58M","9.29%"
"09/27/2022","224.36","228.63","230.64","220.72","7.76M","0.13%"
"09/26/2022","224.07","225.60","232.70","223.01","8.23M","-1.03%"
"09/23/2022","226.41","235.14","236.45","221.43","11.21M","-4.49%"
"09/22/2022","237.05","235.35","240.50","231.66","10.02M","0.08%"
"09/21/2022","236.87","242.67","248.30","236.68","9.17M","-2.46%"
"09/20/2022","242.85","240.37","250.49","239.66","16.04M","-0.32%"
"09/19/2022","243.63","245.05","245.25","235.75","17.91M","1.46%"
"09/16/2022","240.13","231.22","241.35","227.83","18.91M","2.02%"
"09/15/2022","235.38","230.47","242.29","229.10","19.45M","5.02%"
"09/14/2022","224.12","219.82","228.00","215.80","8.23M","2.75%"
"09/13/2022","218.13","226.50","227.69","217.72","8.00M","-7.78%"
"09/12/2022","236.53","233.61","239.49","233.37","6.05M","1.27%"
"09/09/2022","233.57","229.62","234.78","229.62","6.70M","2.70%"
"09/08/2022","227.44","224.16","228.74","221.30","6.74M","-0.66%"
"09/07/2022","228.96","220.21","229.33","218.27","8.15M","4.84%"
"09/06/2022","218.39","225.59","226.85","214.69","7.47M","-3.41%"
"09/02/2022","226.11","231.03","233.88","225.04","8.16M","-1.71%"
"09/01/2022","230.04","220.72","230.37","219.47","7.29M","2.90%"
"08/31/2022","223.56","227.00","233.88","223.43","8.62M","1.32%"
"08/30/2022","220.65","226.66","229.79","218.74","5.74M","-1.75%"
"08/29/2022","224.57","221.93","229.87","221.52","7.11M","0.58%"
"08/26/2022","223.28","233.63","236.95","223.15","5.35M","-4.57%"
"08/25/2022","233.98","230.24","234.16","229.00","3.77M","1.90%"
"08/24/2022","229.61","225.66","234.10","223.94","5.43M","2.25%"
"08/23/2022","224.55","226.46","229.90","224.30","5.28M","-0.88%"
"08/22/2022","226.54","232.55","233.48","224.59","8.63M","-6.06%"
"08/19/2022","241.16","240.95","243.29","235.68","7.50M","-1.64%"
"08/18/2022","245.17","241.96","246.48","239.28","5.28M","1.67%"
"08/17/2022","241.15","241.18","244.24","237.56","5.63M","-1.85%"
"08/16/2022","245.69","247.16","249.29","244.03","5.14M","-1.37%"
"08/15/2022","249.11","248.11","251.99","247.51","6.53M","-0.08%"
"08/12/2022","249.30","244.81","249.41","243.76","6.10M","2.72%"
"08/11/2022","242.70","244.68","251.62","241.51","8.78M","-0.58%"
"08/10/2022","244.11","236.99","244.54","236.60","9.25M","6.16%"
"08/09/2022","229.94","231.62","232.20","224.65","6.18M","-1.52%"
"08/08/2022","233.49","227.49","241.96","226.41","11.00M","2.96%"
"08/05/2022","226.78","225.30","228.62","222.87","5.54M","-1.36%"
"08/04/2022","229.91","227.68","232.07","225.05","7.14M","1.40%"
"08/03/2022","226.73","224.79","228.10","222.42","6.40M","2.40%"
"08/02/2022","221.42","222.76","228.20","220.88","6.36M","-2.12%"
"08/01/2022","226.21","223.10","228.39","221.00","5.53M","0.58%"
"07/29/2022","224.90","223.29","230.75","222.40","9.06M","-0.50%"
"07/28/2022","226.02","224.60","228.10","219.67","8.97M","-0.32%"
"07/27/2022","226.75","216.48","227.78","214.58","10.51M","6.00%"
"07/26/2022","213.91","216.66","219.39","211.64","9.51M","-2.11%"
"07/25/2022","218.51","221.31","225.23","216.35","10.94M","-0.88%"
"07/22/2022","220.44","222.38","229.35","218.44","17.81M","-1.54%"
"07/21/2022","223.88","214.30","224.32","211.50","23.43M","3.44%"
"07/20/2022","216.44","208.17","216.97","200.10","53.92M","7.35%"
"07/19/2022","201.63","193.02","201.97","188.40","28.18M","5.61%"
"07/18/2022","190.92","192.50","199.67","189.80","16.32M","0.96%"
"07/15/2022","189.11","175.58","189.22","174.56","16.32M","8.20%"
"07/14/2022","174.78","175.56","177.52","171.82","9.04M","-1.01%"
"07/13/2022","176.56","170.50","179.18","169.70","12.73M","1.21%"
"07/12/2022","174.45","177.33","179.78","173.42","6.85M","-1.63%"
"07/11/2022","177.34","184.73","184.99","176.89","6.05M","-5.15%"
"07/08/2022","186.98","186.02","189.91","182.75","5.84M","-1.21%"
"07/07/2022","189.27","184.27","190.21","183.50","6.33M","2.83%"
"07/06/2022","184.06","185.20","186.22","180.82","5.75M","-0.98%"
"07/05/2022","185.88","176.28","185.92","172.68","7.34M","3.30%"
"07/01/2022","179.95","176.49","180.10","174.27","5.20M","2.91%"
"06/30/2022","174.87","177.07","179.45","170.30","7.89M","-1.96%"
"06/29/2022","178.36","179.55","180.66","175.10","5.77M","-0.69%"
"06/28/2022","179.60","189.20","192.20","179.37","7.20M","-5.04%"
"06/27/2022","189.14","191.77","191.78","182.39","8.36M","-0.90%"
"06/24/2022","190.85","183.50","191.19","181.84","12.42M","5.03%"
"06/23/2022","181.71","180.50","182.76","175.87","9.54M","1.58%"
"06/22/2022","178.89","170.75","182.82","170.20","12.01M","4.67%"
"06/21/2022","170.91","177.60","178.62","169.80","12.18M","-2.62%"
"06/17/2022","175.51","173.63","179.65","173.34","12.13M","1.25%"
"06/16/2022","173.35","174.00","176.27","171.56","8.20M","-3.75%"
"06/15/2022","180.11","169.26","183.85","168.53","12.40M","7.50%"
"06/14/2022","167.54","169.75","172.06","164.28","11.56M","-1.27%"
"06/13/2022","169.69","177.07","179.09","168.96","10.22M","-7.24%"
"06/10/2022","182.94","182.64","185.86","180.85","13.07M","-5.10%"
"06/09/2022","192.77","200.65","201.69","192.54","6.95M","-4.96%"
"06/08/2022","202.83","197.95","207.38","197.64","7.24M","2.12%"
"06/07/2022","198.61","194.87","199.60","193.00","4.84M","0.75%"
"06/06/2022","197.14","202.09","203.87","195.38","5.37M","-0.92%"
"06/03/2022","198.98","200.14","202.95","198.05","7.19M","-2.98%"
"06/02/2022","205.09","192.02","205.47","191.72","9.62M","6.31%"
"06/01/2022","192.91","198.70","202.74","191.66","8.42M","-2.29%"
"05/31/2022","197.44","196.18","199.95","190.80","11.40M","1.15%"
"05/27/2022","195.19","193.19","195.25","190.37","8.59M","1.98%"
"05/26/2022","191.40","186.49","192.34","183.09","8.05M","1.90%"
"05/25/2022","187.83","180.28","188.87","180.17","8.52M","4.15%"
"05/24/2022","180.34","182.00","184.00","177.17","7.71M","-3.79%"
"05/23/2022","187.44","186.15","187.66","177.89","9.60M","0.58%"
"05/20/2022","186.35","185.87","190.19","179.77","10.43M","1.56%"
"05/19/2022","183.48","178.04","186.30","175.71","10.45M","3.55%"
"05/18/2022","177.19","186.72","187.70","176.27","9.67M","-7.02%"
"05/17/2022","190.56","189.17","191.40","185.17","9.88M","2.17%"
"05/16/2022","186.51","193.30","195.89","185.70","16.15M","-0.60%"
"05/13/2022","187.64","177.16","187.77","176.01","13.14M","7.65%"
"05/12/2022","174.31","163.96","177.58","162.71","17.66M","4.77%"
"05/11/2022","166.37","176.09","180.92","165.55","12.67M","-6.35%"
"05/10/2022","177.66","176.01","181.87","170.57","13.88M","2.63%"
"05/09/2022","173.10","177.65","183.20","172.30","14.03M","-4.35%"
"05/06/2022","180.97","186.75","187.21","175.81","17.19M","-3.90%"
"05/05/2022","188.32","200.45","200.71","186.00","13.97M","-7.69%"
"05/04/2022","204.01","197.65","204.38","191.01","12.22M","2.07%"
"05/03/2022","199.87","198.29","203.20","194.77","11.84M","0.21%"
"05/02/2022","199.46","191.71","200.21","190.01","14.59M","4.78%"
"04/29/2022","190.36","198.68","204.71","190.00","16.39M","-4.59%"
"04/28/2022","199.52","191.56","201.48","185.60","21.36M","5.82%"
"04/27/2022","188.54","194.01","200.19","187.77","22.30M","-4.97%"
"04/26/2022","198.40","208.80","209.15","198.28","20.32M","-5.48%"
"04/25/2022","209.91","213.81","216.66","204.51","28.15M","-2.60%"
"04/22/2022","215.52","220.18","226.27","210.05","37.52M","-1.24%"
"04/21/2022","218.22","220.00","227.68","211.52","53.50M","-3.52%"
"04/20/2022","226.19","245.20","248.70","212.51","133.39M","-35.12%"
"04/19/2022","348.61","333.22","351.68","333.22","20.91M","3.18%"
"04/18/2022","337.86","340.00","342.36","331.61","5.11M","-0.96%"
"04/14/2022","341.13","350.95","352.00","339.86","4.34M","-2.65%"
"04/13/2022","350.43","343.92","352.00","341.15","3.23M","1.84%"
"04/12/2022","344.10","355.91","359.41","342.25","3.82M","-1.12%"
"04/11/2022","348.00","350.00","354.78","345.20","3.78M","-2.21%"
"04/08/2022","355.88","361.96","362.50","354.86","4.03M","-1.73%"
"04/07/2022","362.15","365.00","368.54","353.69","4.95M","-1.68%"
"04/06/2022","368.35","374.15","376.47","362.73","4.35M","-3.10%"
"04/05/2022","380.15","389.30","390.00","377.30","4.23M","-2.90%"
"04/04/2022","391.50","373.55","396.02","373.13","7.01M","4.83%"
"04/01/2022","373.47","376.80","380.87","368.50","4.64M","-0.30%"
"03/31/2022","374.59","383.59","384.00","373.61","4.13M","-1.80%"
"03/30/2022","381.47","389.55","392.70","378.63","4.02M","-2.64%"
"03/29/2022","391.82","384.39","396.50","380.33","5.88M","3.52%"
"03/28/2022","378.51","375.23","380.28","366.73","4.32M","1.25%"
"03/25/2022","373.85","377.07","377.64","366.43","3.58M","-0.50%"
"03/24/2022","375.71","379.76","379.76","368.90","3.89M","0.33%"
"03/23/2022","374.49","379.77","382.46","374.49","3.73M","-2.20%"
"03/22/2022","382.92","371.14","386.66","366.76","4.24M","2.22%"
"03/21/2022","374.59","378.02","381.82","368.94","4.87M","-1.58%"
"03/18/2022","380.60","372.00","381.80","368.47","8.32M","2.48%"
"03/17/2022","371.40","359.70","373.31","354.88","5.82M","3.88%"
"03/16/2022","357.53","348.20","359.99","343.06","6.98M","4.01%"
"03/15/2022","343.75","335.10","345.36","332.36","5.46M","3.85%"
"03/14/2022","331.01","338.72","341.32","329.82","5.91M","-2.74%"
"03/11/2022","340.32","361.19","363.36","340.00","4.82M","-4.61%"
"03/10/2022","356.77","356.20","367.02","353.30","4.81M","-0.56%"
"03/09/2022","358.79","357.68","364.14","350.51","6.52M","4.98%"
"03/08/2022","341.76","349.80","358.86","340.67","6.43M","-2.43%"
"03/07/2022","350.26","360.41","361.99","350.20","5.71M","-3.17%"
"03/04/2022","361.73","368.00","374.82","357.17","5.33M","-1.72%"
"03/03/2022","368.07","386.00","386.12","364.65","6.08M","-3.15%"
"03/02/2022","380.03","388.93","389.22","375.21","5.36M","-1.61%"
"03/01/2022","386.24","391.60","395.00","383.70","3.29M","-2.10%"
"02/28/2022","394.52","387.33","397.75","382.13","5.04M","0.95%"
"02/25/2022","390.80","386.61","391.29","375.58","4.84M","0.20%"
"02/24/2022","390.03","355.09","390.73","354.72","7.07M","6.14%"
"02/23/2022","367.46","382.72","386.00","366.66","4.61M","-2.63%"
"02/22/2022","377.38","388.95","392.42","373.02","6.70M","-3.55%"
"02/18/2022","391.29","392.53","402.87","389.05","6.80M","1.19%"
"02/17/2022","386.67","394.23","399.11","385.70","4.67M","-2.87%"
"02/16/2022","398.08","401.53","401.56","390.38","5.28M","-2.30%"
"02/15/2022","407.46","403.79","409.16","401.01","5.40M","2.75%"
"02/14/2022","396.57","387.59","409.36","386.89","7.20M","1.34%"
"02/11/2022","391.31","405.33","411.61","387.65","7.56M","-3.68%"
"02/10/2022","406.27","402.10","408.00","396.36","8.45M","-1.60%"
"02/09/2022","412.89","408.65","412.98","398.79","7.74M","2.32%"
"02/08/2022","403.53","398.18","406.61","395.83","6.82M","0.36%"
"02/07/2022","402.10","410.17","412.35","393.55","8.23M","-1.97%"
"02/04/2022","410.17","407.31","412.77","396.64","7.79M","1.13%"
"02/03/2022","405.60","421.44","429.26","404.28","9.91M","-5.56%"
"02/02/2022","429.48","448.25","451.98","426.48","14.35M","-6.05%"
"02/01/2022","457.13","432.96","458.48","425.54","22.57M","7.02%"
"01/31/2022","427.14","401.97","427.70","398.20","20.05M","11.13%"
"01/28/2022","384.36","386.76","387.00","372.08","11.97M","-0.61%"
"01/27/2022","386.70","382.06","394.80","378.10","24.32M","7.51%"
"01/26/2022","359.70","378.27","382.66","356.62","12.68M","-1.83%"
"01/25/2022","366.42","379.14","387.71","365.13","15.15M","-5.35%"
"01/24/2022","387.15","383.91","387.26","351.46","32.39M","-2.60%"
"01/21/2022","397.50","400.42","409.15","379.99","58.90M","-21.79%"
"01/20/2022","508.25","517.75","526.64","506.93","12.66M","-1.48%"
"01/19/2022","515.86","515.00","523.21","510.51","4.35M","0.99%"
"01/18/2022","510.80","520.08","521.75","508.68","4.84M","-2.83%"
"01/14/2022","525.69","517.60","538.37","511.88","7.86M","1.25%"
"01/13/2022","519.20","537.06","540.79","518.26","4.48M","-3.35%"
"01/12/2022","537.22","544.27","544.27","532.02","3.79M","-0.67%"
"01/11/2022","540.84","536.99","543.91","530.07","3.08M","0.18%"
"01/10/2022","539.85","538.49","543.69","526.32","4.49M","-0.22%"
"01/07/2022","541.06","549.46","553.43","538.22","3.38M","-2.21%"
"01/06/2022","553.29","554.34","563.36","542.01","5.71M","-2.51%"
"01/05/2022","567.52","592.00","592.84","566.88","4.15M","-4.00%"
"01/04/2022","591.15","599.91","600.41","581.60","4.39M","-1.04%"
"01/03/2022","597.37","605.61","609.99","590.56","3.07M","-0.84%"
"12/31/2021","602.44","610.01","614.08","602.05","2.00M","-1.58%"
"12/30/2021","612.09","612.99","620.61","611.24","1.63M","0.25%"
"12/29/2021","610.54","610.71","613.98","604.68","1.29M","-0.03%"
"12/28/2021","610.71","614.95","618.41","609.69","1.88M","-0.39%"
"12/27/2021","613.12","615.00","615.00","609.25","2.06M","-0.16%"
"12/23/2021","614.09","616.40","616.88","607.57","1.62M","-0.02%"
"12/22/2021","614.24","603.36","614.82","602.63","2.34M","1.54%"
"12/21/2021","604.92","597.54","607.82","593.86","2.32M","1.88%"
"12/20/2021","593.74","586.43","602.88","584.26","3.36M","1.19%"
"12/17/2021","586.73","591.61","593.25","581.74","4.43M","-0.73%"
"12/16/2021","591.06","597.09","602.83","588.00","3.14M","-2.31%"
"12/15/2021","605.04","598.18","605.69","584.51","2.87M","1.18%"
"12/14/2021","597.99","598.71","602.29","588.13","2.98M","-1.09%"
"12/13/2021","604.56","612.00","612.64","599.52","2.52M","-1.16%"
"12/10/2021","611.66","616.78","617.74","605.88","2.75M","0.11%"
"12/09/2021","611.00","627.58","630.24","610.44","2.38M","-2.72%"
"12/08/2021","628.08","630.00","632.46","623.20","2.22M","0.40%"
"12/07/2021","625.58","619.83","628.89","611.40","3.13M","2.10%"
"12/06/2021","612.69","606.01","617.29","601.00","3.08M","1.75%"
"12/03/2021","602.13","622.75","625.50","594.00","4.83M","-2.33%"
"12/02/2021","616.47","617.10","625.36","612.88","3.33M","-0.21%"
"12/01/2021","617.77","649.48","654.52","617.07","3.90M","-3.76%"
"11/30/2021","641.90","668.20","675.38","640.01","5.61M","-3.31%"
"11/29/2021","663.84","663.20","667.99","658.29","2.53M","-0.27%"
"11/26/2021","665.64","675.00","676.41","660.67","2.87M","1.12%"
"11/24/2021","658.29","658.01","661.44","651.10","1.87M","0.65%"
"11/23/2021","654.06","658.18","666.43","646.05","2.32M","-0.78%"
"11/22/2021","659.20","676.02","679.48","656.47","2.77M","-2.89%"
"11/19/2021","678.80","692.35","694.16","675.00","2.61M","-0.47%"
"11/18/2021","682.02","691.61","691.74","679.73","2.01M","-1.40%"
"11/17/2021","691.69","690.00","700.99","686.09","2.73M","0.62%"
"11/16/2021","687.40","678.27","688.36","676.90","2.08M","1.19%"
"11/15/2021","679.33","681.23","685.26","671.49","2.87M","-0.48%"
"11/12/2021","682.61","660.01","683.34","653.82","4.20M","3.81%"
"11/11/2021","657.58","650.24","665.82","649.71","2.87M","1.65%"
"11/10/2021","646.91","653.01","660.33","642.11","2.41M","-1.38%"
"11/09/2021","655.99","653.70","660.50","650.52","2.42M","0.70%"
"11/08/2021","651.45","650.29","656.00","643.79","2.89M","0.89%"
"11/05/2021","645.72","663.97","665.64","645.01","5.28M","-3.39%"
"11/04/2021","668.40","685.89","685.94","665.50","4.87M","-2.89%"
"11/03/2021","688.29","677.27","689.39","677.27","2.33M","1.56%"
"11/02/2021","677.72","683.11","687.68","673.82","3.89M","-0.51%"
"11/01/2021","681.17","689.06","689.97","676.54","3.11M","-1.32%"
"10/29/2021","690.31","673.06","690.97","671.24","3.83M","2.41%"
"10/28/2021","674.05","670.95","676.80","668.03","2.86M","1.68%"
"10/27/2021","662.92","669.00","671.41","661.85","2.28M","-0.84%"
"10/26/2021","668.52","673.76","676.49","662.77","2.90M","-0.47%"
"10/25/2021","671.66","663.74","675.88","657.07","3.83M","1.03%"
"10/22/2021","664.78","651.81","665.46","651.81","6.19M","1.78%"
"10/21/2021","653.16","628.89","654.01","628.65","8.44M","4.48%"
"10/20/2021","625.14","625.57","637.40","617.15","10.62M","-2.17%"
"10/19/2021","639.00","636.97","641.00","632.30","7.63M","0.16%"
"10/18/2021","637.97","632.10","638.41","620.59","4.67M","1.54%"
"10/15/2021","628.29","638.00","639.42","625.16","4.12M","-0.87%"
"10/14/2021","633.80","632.23","636.88","626.79","2.67M","0.64%"
"10/13/2021","629.76","632.18","632.18","622.10","2.42M","0.77%"
"10/12/2021","624.94","633.02","637.66","621.99","3.23M","-0.33%"
"10/11/2021","627.04","633.20","639.42","626.78","2.86M","-0.89%"
"10/08/2021","632.66","634.16","643.80","630.86","3.27M","0.13%"
"10/07/2021","631.85","642.23","646.84","630.45","3.56M","-1.13%"
"10/06/2021","639.10","628.18","639.87","626.36","4.58M","0.68%"
"10/05/2021","634.81","606.94","640.39","606.89","9.53M","5.21%"
"10/04/2021","603.35","613.39","626.13","594.68","5.00M","-1.60%"
"10/01/2021","613.15","604.24","614.99","597.51","4.09M","0.46%"
"09/30/2021","610.34","608.05","619.00","608.05","6.62M","1.88%"
"09/29/2021","599.06","589.01","609.88","588.01","6.22M","2.61%"
"09/28/2021","583.85","589.00","599.54","580.16","4.43M","-1.48%"
"09/27/2021","592.64","587.95","593.58","576.93","2.50M","0.04%"
"09/24/2021","592.39","592.50","592.98","583.64","2.13M","-0.15%"
"09/23/2021","593.26","590.79","599.32","589.13","2.53M","0.44%"
"09/22/2021","590.65","579.69","595.65","579.69","4.02M","3.06%"
"09/21/2021","573.14","578.31","581.88","569.37","2.25M","-0.40%"
"09/20/2021","575.43","586.79","591.53","568.08","3.73M","-2.36%"
"09/17/2021","589.35","587.85","590.28","580.85","4.15M","0.49%"
"09/16/2021","586.50","584.30","587.48","577.72","1.83M","0.62%"
"09/15/2021","582.87","578.17","584.62","575.37","2.76M","0.88%"
"09/14/2021","577.76","584.89","587.28","575.56","3.46M","-1.96%"
"09/13/2021","589.29","598.57","598.57","582.78","3.06M","-1.58%"
"09/10/2021","598.72","598.16","609.45","593.67","3.95M","0.20%"
"09/09/2021","597.54","606.47","609.44","596.55","2.95M","-1.40%"
"09/08/2021","606.05","603.84","615.60","595.71","5.42M","-0.11%"
"09/07/2021","606.71","594.69","613.85","593.99","5.83M","2.74%"
"09/03/2021","590.53","585.80","591.88","583.14","2.68M","0.34%"
"09/02/2021","588.55","583.68","598.76","583.68","6.18M","1.11%"
"09/01/2021","582.07","569.00","591.00","569.00","5.63M","2.26%"
"08/31/2021","569.19","566.12","569.48","561.61","2.43M","0.53%"
"08/30/2021","566.18","557.25","567.16","556.45","2.43M","1.30%"
"08/27/2021","558.92","551.60","564.17","549.25","3.25M","1.60%"
"08/26/2021","550.12","546.16","552.60","545.90","1.60M","0.46%"
"08/25/2021","547.58","550.16","552.84","545.45","2.07M","-1.05%"
"08/24/2021","553.41","551.48","555.31","549.27","2.11M","0.01%"
"08/23/2021","553.33","545.98","555.55","543.74","2.60M","1.18%"
"08/20/2021","546.88","545.09","551.39","539.10","3.78M","0.58%"
"08/19/2021","543.71","522.74","548.39","521.87","7.50M","4.18%"
"08/18/2021","521.87","520.00","526.38","518.65","2.58M","0.57%"
"08/17/2021","518.91","515.47","520.79","514.20","2.31M","0.19%"
"08/16/2021","517.92","515.24","523.38","512.30","2.03M","0.39%"
"08/13/2021","515.92","512.64","521.44","511.51","2.18M","1.02%"
"08/12/2021","510.72","511.86","513.00","507.20","1.69M","-0.33%"
"08/11/2021","512.40","517.00","519.57","509.77","1.67M","-0.67%"
"08/10/2021","515.84","520.00","520.79","512.97","1.96M","-0.79%"
"08/09/2021","519.97","521.15","522.67","517.99","1.37M","-0.11%"
"08/06/2021","520.55","524.00","526.84","519.39","1.92M","-0.83%"
"08/05/2021","524.89","517.13","525.41","514.02","2.56M","1.46%"
"08/04/2021","517.35","513.00","517.98","510.37","2.04M","1.28%"
"08/03/2021","510.82","514.39","515.63","505.37","2.58M","-0.84%"
"08/02/2021","515.15","519.00","519.85","510.51","2.10M","-0.47%"
"07/30/2021","517.57","512.69","519.79","510.96","2.54M","0.65%"
"07/29/2021","514.25","519.96","520.78","513.79","1.74M","-0.97%"
"07/28/2021","519.30","521.82","524.47","516.98","2.39M","0.08%"
"07/27/2021","518.91","518.08","521.95","512.05","2.76M","0.47%"
"07/26/2021","516.49","514.38","521.13","509.01","2.25M","0.21%"
"07/23/2021","515.41","512.16","517.41","504.66","3.82M","0.71%"
"07/22/2021","511.77","510.21","513.68","507.00","4.33M","-0.36%"
"07/21/2021","513.63","526.13","530.99","505.61","11.91M","-3.28%"
"07/20/2021","531.05","526.07","536.64","520.30","6.93M","-0.23%"
"07/19/2021","532.28","526.05","534.91","522.24","3.89M","0.37%"
"07/16/2021","530.31","541.81","544.06","527.05","3.44M","-2.33%"
"07/15/2021","542.95","553.97","557.54","538.20","5.71M","-0.91%"
"07/14/2021","547.95","541.01","554.10","541.01","4.66M","1.34%"
"07/13/2021","540.68","535.76","545.33","535.76","2.75M","0.63%"
"07/12/2021","537.31","540.30","540.65","532.92","1.78M","0.25%"
"07/09/2021","535.98","531.00","538.26","528.58","2.78M","0.98%"
"07/08/2021","530.76","530.93","535.50","529.09","3.27M","-0.97%"
"07/07/2021","535.96","544.24","544.64","531.66","2.72M","-1.05%"
"07/06/2021","541.64","533.00","542.86","533.00","2.78M","1.43%"
"07/02/2021","533.98","535.50","538.54","529.39","1.98M","0.08%"
"07/01/2021","533.54","525.72","537.04","525.72","2.81M","1.01%"
"06/30/2021","528.21","534.06","534.38","526.82","2.77M","-0.99%"
"06/29/2021","533.50","533.55","536.13","528.57","2.31M","0.09%"
"06/28/2021","533.03","528.12","533.94","524.56","2.82M","1.13%"
"06/25/2021","527.07","528.84","533.06","525.00","5.30M","1.74%"
"06/24/2021","518.06","517.96","520.96","514.40","3.36M","1.04%"
"06/23/2021","512.74","508.48","516.63","508.20","3.94M","0.77%"
"06/22/2021","508.82","498.54","513.55","495.80","5.81M","2.38%"
"06/21/2021","497.00","501.64","502.05","492.28","5.28M","-0.75%"
"06/18/2021","500.77","496.40","504.49","495.24","5.20M","0.49%"
"06/17/2021","498.34","490.25","501.80","490.15","3.20M","1.20%"
"06/16/2021","492.41","495.00","496.46","486.28","3.53M","0.10%"
"06/15/2021","491.90","501.23","501.23","490.40","3.10M","-1.60%"
"06/14/2021","499.89","489.68","503.50","486.91","4.40M","2.28%"
"06/11/2021","488.77","490.00","491.41","487.78","3.12M","0.31%"
"06/10/2021","487.27","487.17","490.21","482.14","4.38M","0.30%"
"06/09/2021","485.81","494.50","496.09","484.65","3.06M","-1.34%"
"06/08/2021","492.39","497.00","498.82","489.37","2.37M","-0.46%"
"06/07/2021","494.66","492.92","496.70","490.55","2.79M","-0.02%"
"06/04/2021","494.74","492.00","501.86","490.95","3.16M","1.08%"
"06/03/2021","489.43","495.19","496.66","487.25","3.89M","-1.96%"
"06/02/2021","499.24","499.82","503.22","495.82","2.27M","0.03%"
"06/01/2021","499.08","504.01","505.41","497.74","2.48M","-0.74%"
"05/28/2021","502.81","504.40","511.76","502.53","2.91M","-0.21%"
"05/27/2021","503.86","501.80","505.10","498.54","3.25M","0.30%"
"05/26/2021","502.36","502.34","504.14","500.50","2.47M","0.20%"
"05/25/2021","501.34","506.00","506.36","499.22","2.70M","-0.31%"
"05/24/2021","502.90","501.05","504.25","499.51","2.41M","1.01%"
"05/21/2021","497.89","503.12","505.40","497.26","3.32M","-0.75%"
"05/20/2021","501.67","489.55","502.70","488.98","3.72M","2.86%"
"05/19/2021","487.70","481.63","488.57","478.54","3.35M","0.29%"
"05/18/2021","486.28","488.39","493.48","486.19","2.35M","-0.54%"
"05/17/2021","488.94","485.59","492.71","482.81","2.71M","-0.90%"
"05/14/2021","493.37","487.86","494.85","486.59","2.88M","1.38%"
"05/13/2021","486.66","489.13","490.77","482.71","2.72M","0.35%"
"05/12/2021","484.98","486.83","493.54","482.70","4.12M","-2.04%"
"05/11/2021","495.08","479.75","497.99","478.63","4.40M","1.72%"
"05/10/2021","486.69","502.00","503.15","486.11","5.13M","-3.40%"
"05/07/2021","503.84","504.62","508.55","501.12","3.13M","0.86%"
"05/06/2021","499.55","495.99","499.55","491.37","3.78M","0.70%"
"05/05/2021","496.08","504.99","507.78","494.63","3.13M","-1.41%"
"05/04/2021","503.18","510.78","511.63","496.79","4.35M","-1.16%"
"05/03/2021","509.11","512.65","518.95","505.20","4.09M","-0.85%"
"04/30/2021","513.47","505.00","514.55","505.00","4.41M","0.88%"
"04/29/2021","509.00","507.60","509.29","499.00","5.13M","0.49%"
"04/28/2021","506.52","505.20","508.39","503.34","3.19M","0.19%"
"04/27/2021","505.55","512.62","512.99","504.58","3.76M","-0.93%"
"04/26/2021","510.30","506.76","510.48","503.00","4.39M","0.94%"
"04/23/2021","505.55","509.01","509.70","500.70","7.31M","-0.63%"
"04/22/2021","508.78","513.82","513.96","500.55","9.06M","-0.02%"
"04/21/2021","508.90","508.00","515.46","503.60","22.90M","-7.40%"
"04/20/2021","549.57","554.42","563.56","546.30","11.26M","-0.88%"
"04/19/2021","554.44","546.90","556.44","545.53","4.29M","1.45%"
"04/16/2021","546.54","550.54","551.98","539.51","3.21M","-0.49%"
"04/15/2021","549.22","544.17","553.49","542.66","3.14M","1.70%"
"04/14/2021","540.02","554.87","554.87","538.53","3.74M","-2.48%"
"04/13/2021","553.73","557.00","559.75","550.30","2.72M","0.17%"
"04/12/2021","552.78","551.05","557.98","549.58","2.94M","-0.46%"
"04/09/2021","555.31","552.69","556.90","547.11","2.89M","0.13%"
"04/08/2021","554.58","551.13","556.90","547.57","4.31M","1.39%"
"04/07/2021","546.99","543.50","549.64","541.45","2.15M","0.45%"
"04/06/2021","544.53","544.81","554.16","543.30","3.47M","0.71%"
"04/05/2021","540.67","540.01","542.85","529.23","3.36M","0.23%"
"04/01/2021","539.42","529.93","540.50","527.03","3.94M","3.40%"
"03/31/2021","521.66","515.67","528.13","515.44","3.50M","1.61%"
"03/30/2021","513.39","510.51","514.41","506.91","2.42M","-0.11%"
"03/29/2021","513.95","505.66","518.00","504.40","3.33M","1.16%"
"03/26/2021","508.05","502.82","508.72","496.68","3.47M","1.03%"
"03/25/2021","502.86","516.99","518.53","497.00","4.93M","-3.45%"
"03/24/2021","520.81","533.78","534.42","520.00","4.10M","-2.67%"
"03/23/2021","535.09","529.87","543.12","529.40","5.58M","2.29%"
"03/22/2021","523.11","509.13","529.31","509.13","3.36M","2.13%"
"03/19/2021","512.18","504.96","513.19","501.63","4.39M","1.46%"
"03/18/2021","504.79","516.40","517.90","503.85","4.10M","-3.75%"
"03/17/2021","524.44","522.00","528.37","514.30","2.82M","0.08%"
"03/16/2021","524.03","524.47","533.42","523.21","3.24M","0.73%"
"03/15/2021","520.25","516.32","520.73","508.03","3.49M","0.43%"
"03/12/2021","518.02","512.50","526.51","506.59","3.98M","-0.96%"
"03/11/2021","523.06","512.20","530.23","510.71","4.71M","3.67%"
"03/10/2021","504.54","513.50","518.97","504.25","3.77M","-0.38%"
"03/09/2021","506.44","507.31","513.11","503.82","3.47M","2.66%"
"03/08/2021","493.33","514.46","518.84","492.85","3.98M","-4.47%"
"03/05/2021","516.39","511.98","517.76","498.79","5.07M","1.00%"
"03/04/2021","511.29","521.50","531.50","507.68","5.03M","-1.81%"
"03/03/2021","520.70","545.93","548.01","517.81","5.36M","-4.95%"
"03/02/2021","547.82","553.34","556.99","546.02","3.04M","-0.51%"
"03/01/2021","550.64","545.57","552.14","542.00","3.04M","2.19%"
"02/26/2021","538.85","546.51","553.09","538.00","3.76M","-1.44%"
"02/25/2021","546.70","550.27","556.48","535.75","4.25M","-1.21%"
"02/24/2021","553.41","539.80","556.85","539.07","3.25M","1.33%"
"02/23/2021","546.15","525.00","548.54","518.28","4.14M","2.32%"
"02/22/2021","533.78","534.99","541.79","530.79","3.08M","-1.19%"
"02/19/2021","540.22","548.00","548.99","538.81","2.84M","-1.46%"
"02/18/2021","548.22","549.00","550.00","538.23","2.46M","-0.57%"
"02/17/2021","551.34","550.99","555.25","543.03","2.07M","-1.07%"
"02/16/2021","557.28","557.29","563.63","552.73","2.62M","0.14%"
"02/12/2021","556.52","556.94","561.25","550.85","2.20M","-0.19%"
"02/11/2021","557.59","564.44","565.93","554.22","2.73M","-1.06%"
"02/10/2021","563.59","562.50","566.65","553.46","3.99M","0.81%"
"02/09/2021","559.07","546.00","566.00","543.00","3.70M","2.03%"
"02/08/2021","547.92","555.00","555.00","543.70","2.79M","-0.52%"
"02/05/2021","550.79","552.26","554.44","545.48","2.38M","-0.25%"
"02/04/2021","552.16","539.81","559.48","537.51","5.16M","2.36%"
"02/03/2021","539.45","550.17","550.48","538.24","3.17M","-1.59%"
"02/02/2021","548.16","542.01","555.48","538.93","3.77M","1.69%"
"02/01/2021","539.04","536.79","545.06","531.73","3.55M","1.25%"
"01/29/2021","532.39","538.00","541.00","530.18","4.33M","-1.15%"
"01/28/2021","538.60","535.88","553.15","530.74","5.97M","2.93%"
"01/27/2021","523.28","550.71","556.42","515.73","8.67M","-6.88%"
"01/26/2021","561.93","554.73","567.99","554.06","5.02M","0.92%"
"01/25/2021","556.78","567.00","569.75","548.65","7.21M","-1.48%"
"01/22/2021","565.17","582.10","583.99","564.35","7.55M","-2.53%"
"01/21/2021","579.84","582.45","588.75","570.40","11.84M","-1.11%"
"01/20/2021","586.34","565.42","593.29","556.86","32.64M","16.85%"
"01/19/2021","501.77","501.00","509.25","493.54","12.32M","0.76%"
"01/15/2021","497.98","500.00","506.32","495.10","5.90M","-0.58%"
"01/14/2021","500.86","507.35","514.50","499.58","4.18M","-1.36%"
"01/13/2021","507.79","495.50","512.35","493.01","5.03M","2.74%"
"01/12/2021","494.25","500.00","501.09","485.67","5.99M","-0.97%"
"01/11/2021","499.10","507.84","510.73","497.95","3.81M","-2.21%"
"01/08/2021","510.40","511.31","513.24","504.51","2.97M","0.30%"
"01/07/2021","508.89","508.28","516.44","506.42","3.69M","1.68%"
"01/06/2021","500.49","511.97","513.10","499.50","5.35M","-3.90%"
"01/05/2021","520.80","521.55","526.78","515.89","3.13M","-0.39%"
"01/04/2021","522.86","539.00","540.80","515.09","4.44M","-3.30%"
"12/31/2020","540.73","525.53","545.50","523.15","5.39M","3.08%"
"12/30/2020","524.59","530.13","533.26","523.69","1.88M","-1.18%"
"12/29/2020","530.87","519.90","536.55","515.48","4.02M","2.26%"
"12/28/2020","519.12","516.43","523.66","507.13","2.89M","1.00%"
"12/24/2020","513.97","515.12","519.34","512.21","1.14M","-0.10%"
"12/23/2020","514.48","524.76","526.32","514.20","2.39M","-2.44%"
"12/22/2020","527.33","527.69","530.40","520.50","1.91M","-0.30%"
"12/21/2020","528.91","530.05","532.62","521.15","3.89M","-1.04%"
"12/18/2020","534.45","533.20","536.37","526.02","4.50M","0.29%"
"12/17/2020","532.90","529.00","535.49","526.44","3.19M","1.54%"
"12/16/2020","524.83","520.11","527.38","517.69","3.68M","0.97%"
"12/15/2020","519.78","518.50","524.70","513.56","3.40M","-0.51%"
"12/14/2020","522.42","505.44","524.16","501.18","5.77M","3.82%"
"12/11/2020","503.22","495.00","503.34","494.85","3.21M","0.43%"
"12/10/2020","501.09","494.56","503.77","492.91","3.02M","1.52%"
"12/09/2020","493.60","510.53","514.50","491.29","4.18M","-3.72%"
"12/08/2020","512.66","517.90","521.49","505.55","4.23M","-0.60%"
"12/07/2020","515.78","500.01","517.76","497.77","4.29M","3.51%"
"12/04/2020","498.31","497.50","504.50","493.64","3.67M","0.16%"
"12/03/2020","497.52","502.99","508.77","496.04","2.83M","-1.16%"
"12/02/2020","503.38","501.62","506.80","493.50","3.03M","-0.24%"
"12/01/2020","504.58","492.34","509.47","491.98","5.06M","2.83%"
"11/30/2020","490.70","490.08","492.55","481.27","3.53M","-0.13%"
"11/27/2020","491.36","486.58","493.25","481.85","2.81M","1.31%"
"11/25/2020","485.00","485.13","486.90","478.92","3.60M","0.44%"
"11/24/2020","482.88","478.84","484.05","475.89","3.56M","1.31%"
"11/23/2020","476.62","490.46","491.15","475.84","5.42M","-2.38%"
"11/20/2020","488.24","485.22","494.76","481.57","4.26M","0.74%"
"11/19/2020","484.67","482.00","487.80","480.47","2.25M","0.60%"
"11/18/2020","481.79","481.95","488.61","477.72","3.63M","0.24%"
"11/17/2020","480.63","480.12","487.51","478.85","3.70M","0.32%"
"11/16/2020","479.10","480.00","485.58","477.30","3.95M","-0.77%"
"11/13/2020","482.84","486.77","488.94","477.80","3.01M","-0.81%"
"11/12/2020","486.77","491.00","496.52","480.43","5.07M","-0.81%"
"11/11/2020","490.76","483.00","491.68","478.26","5.46M","2.19%"
"11/10/2020","480.24","470.95","484.60","463.41","8.31M","2.07%"
"11/09/2020","470.50","485.54","495.85","467.26","10.42M","-8.59%"
"11/06/2020","514.73","515.00","515.21","502.51","4.24M","0.19%"
"11/05/2020","513.76","506.56","518.73","503.45","5.37M","3.38%"
"11/04/2020","496.95","495.36","507.73","493.98","5.14M","2.00%"
"11/03/2020","487.22","484.93","495.30","478.76","3.69M","0.64%"
"11/02/2020","484.12","478.87","486.30","475.00","4.41M","1.76%"
"10/30/2020","475.74","502.01","505.88","472.21","7.81M","-5.65%"
"10/29/2020","504.21","488.50","513.90","479.34","11.12M","3.70%"
"10/28/2020","486.24","486.36","494.00","483.28","5.99M","-0.55%"
"10/27/2020","488.93","490.01","490.49","482.93","3.63M","0.14%"
"10/26/2020","488.24","487.02","496.82","478.90","6.19M","-0.01%"
"10/23/2020","488.28","488.11","490.06","481.35","4.93M","0.63%"
"10/22/2020","485.23","494.69","495.14","482.00","7.00M","-0.78%"
"10/21/2020","489.05","501.03","506.85","488.25","17.41M","-6.92%"
"10/20/2020","525.42","528.14","533.78","522.26","10.05M","-1.00%"
"10/19/2020","530.72","537.07","541.80","525.38","7.57M","-0.01%"
"10/16/2020","530.79","549.50","554.33","530.03","6.35M","-2.06%"
"10/15/2020","541.94","545.52","551.22","535.10","5.11M","0.09%"
"10/14/2020","541.45","562.61","572.49","541.00","9.51M","-2.28%"
"10/13/2020","554.09","540.56","557.65","537.20","5.60M","2.65%"
"10/12/2020","539.81","548.81","551.81","538.24","5.39M","0.07%"
"10/09/2020","539.44","537.83","544.28","535.00","4.78M","1.44%"
"10/08/2020","531.79","533.48","535.00","524.15","5.39M","-0.54%"
"10/07/2020","534.66","518.00","536.49","515.82","7.99M","5.69%"
"10/06/2020","505.87","518.72","521.82","504.16","4.20M","-2.84%"
"10/05/2020","520.65","506.80","520.99","501.70","4.09M","3.50%"
"10/02/2020","503.06","516.43","526.37","502.70","6.07M","-4.63%"
"10/01/2020","527.51","506.03","529.55","503.60","8.15M","5.50%"
"09/30/2020","500.03","492.57","504.63","489.27","4.63M","1.33%"
"09/29/2020","493.48","489.50","496.29","486.53","3.54M","0.58%"
"09/28/2020","490.65","489.11","492.00","477.88","4.77M","1.61%"
"09/25/2020","482.88","474.39","484.87","468.03","3.77M","2.07%"
"09/24/2020","473.08","470.53","477.00","467.82","3.73M","0.52%"
"09/23/2020","470.61","491.04","491.04","469.00","3.73M","-4.19%"
"09/22/2020","491.17","489.01","491.82","479.26","3.48M","0.78%"
"09/21/2020","487.35","467.69","487.77","466.32","5.46M","3.70%"
"09/18/2020","469.96","472.51","479.40","458.60","6.72M","-0.05%"
"09/17/2020","470.20","475.16","478.40","463.27","5.38M","-2.82%"
"09/16/2020","483.86","499.99","504.66","483.31","4.40M","-2.45%"
"09/15/2020","495.99","484.00","497.47","481.63","5.34M","4.14%"
"09/14/2020","476.26","480.62","488.99","471.30","7.36M","-1.20%"
"09/11/2020","482.03","486.48","493.73","476.81","5.04M","0.28%"
"09/10/2020","480.67","503.35","506.29","478.84","6.24M","-3.90%"
"09/09/2020","500.19","519.21","520.00","492.57","6.85M","-1.35%"
"09/08/2020","507.02","498.40","522.00","495.00","5.57M","-1.75%"
"09/04/2020","516.05","520.18","527.36","485.98","8.27M","-1.84%"
"09/03/2020","525.75","545.00","554.00","521.32","9.07M","-4.90%"
"09/02/2020","552.84","553.78","556.50","537.37","5.89M","-0.67%"
"09/01/2020","556.55","532.60","557.39","532.45","9.58M","5.10%"
"08/31/2020","529.56","521.16","531.99","517.58","4.94M","1.08%"
"08/28/2020","523.89","532.00","539.00","522.00","4.42M","-0.45%"
"08/27/2020","526.27","537.78","541.00","521.25","9.06M","-3.88%"
"08/26/2020","547.53","492.50","549.04","492.08","20.37M","11.61%"
"08/25/2020","490.58","488.19","492.47","485.09","5.73M","0.36%"
"08/24/2020","488.81","495.44","501.00","483.16","4.76M","-0.71%"
"08/21/2020","492.31","496.46","498.13","490.00","3.92M","-1.12%"
"08/20/2020","497.90","484.69","498.94","483.89","5.13M","2.76%"
"08/19/2020","484.53","493.93","494.50","483.50","3.16M","-1.49%"
"08/18/2020","491.87","484.35","495.30","482.80","3.51M","1.97%"
"08/17/2020","482.35","484.19","486.24","479.10","2.42M","-0.07%"
"08/14/2020","482.68","482.82","488.33","480.21","2.94M","0.28%"
"08/13/2020","481.33","478.40","484.45","476.45","3.01M","1.23%"
"08/12/2020","475.47","471.34","482.49","470.18","5.44M","1.83%"
"08/11/2020","466.93","479.75","480.92","466.55","7.33M","-3.40%"
"08/10/2020","483.38","493.35","497.46","478.63","4.69M","-2.29%"
"08/07/2020","494.73","505.45","508.29","486.68","5.91M","-2.82%"
"08/06/2020","509.08","504.11","510.82","498.70","3.73M","1.39%"
"08/05/2020","502.11","508.68","510.10","501.20","4.31M","-1.48%"
"08/04/2020","509.64","498.65","510.44","498.65","5.61M","2.21%"
"08/03/2020","498.62","490.86","503.09","490.23","5.88M","1.99%"
"07/31/2020","488.88","488.29","494.80","484.50","5.92M","0.63%"
"07/30/2020","485.80","480.71","488.35","477.51","6.61M","0.27%"
"07/29/2020","484.48","492.25","494.92","484.13","6.61M","-0.82%"
"07/28/2020","488.51","496.02","497.79","487.76","5.99M","-1.44%"
"07/27/2020","495.65","484.51","496.92","482.31","7.86M","3.16%"
"07/24/2020","480.45","468.77","487.17","467.54","7.75M","0.60%"
"07/23/2020","477.58","491.13","491.90","472.02","7.72M","-2.50%"
"07/22/2020","489.82","492.19","497.20","487.20","6.95M","-0.06%"
"07/21/2020","490.10","506.00","506.22","488.61","9.13M","-2.45%"
"07/20/2020","502.41","489.14","504.50","484.20","11.94M","1.91%"
"07/17/2020","492.99","494.87","503.59","484.14","24.99M","-6.52%"
"07/16/2020","527.39","526.48","535.54","504.36","24.50M","0.79%"
"07/15/2020","523.26","516.30","529.00","510.18","10.07M","-0.31%"
"07/14/2020","524.88","517.08","525.50","490.49","15.08M","-0.12%"
"07/13/2020","525.50","567.98","575.37","520.96","18.40M","-4.23%"
"07/10/2020","548.73","519.73","555.88","511.28","21.61M","8.07%"
"07/09/2020","507.76","508.40","510.00","495.78","5.84M","0.99%"
"07/08/2020","502.78","498.58","505.10","493.81","5.69M","1.95%"
"07/07/2020","493.16","497.31","504.82","490.83","5.67M","-0.13%"
"07/06/2020","493.81","480.77","499.50","479.80","7.84M","3.55%"
"07/02/2020","476.89","485.64","492.28","475.53","6.35M","-1.80%"
"07/01/2020","485.64","454.00","488.23","454.00","9.71M","6.72%"
"06/30/2020","455.04","450.02","457.59","447.00","4.20M","1.74%"
"06/29/2020","447.24","445.23","447.67","432.14","4.84M","0.87%"
"06/26/2020","443.40","466.39","468.03","442.24","6.80M","-4.83%"
"06/25/2020","465.91","458.86","467.01","454.00","4.13M","1.76%"
"06/24/2020","457.85","468.54","472.36","454.00","4.83M","-1.80%"
"06/23/2020","466.26","466.50","474.01","464.50","5.95M","-0.38%"
"06/22/2020","468.04","455.01","468.59","454.21","6.27M","3.16%"
"06/19/2020","453.72","449.12","453.97","445.60","5.93M","0.86%"
"06/18/2020","449.87","448.73","452.76","442.80","4.28M","0.47%"
"06/17/2020","447.77","441.82","450.46","439.22","6.53M","2.67%"
"06/16/2020","436.13","425.76","437.96","425.18","5.51M","2.50%"
"06/15/2020","425.50","421.40","426.49","415.42","4.47M","1.78%"
"06/12/2020","418.07","429.00","434.06","412.45","6.46M","-1.76%"
"06/11/2020","425.56","428.20","445.57","424.16","7.46M","-2.05%"
"06/10/2020","434.48","436.00","439.69","430.55","4.90M","0.10%"
"06/09/2020","434.05","421.65","434.73","420.31","6.80M","3.47%"
"06/08/2020","419.49","416.00","420.80","406.50","5.85M","-0.03%"
"06/05/2020","419.60","407.29","420.24","404.25","5.10M","1.27%"
"06/04/2020","414.33","422.39","428.71","410.03","5.41M","-1.81%"
"06/03/2020","421.97","426.95","427.10","418.05","4.32M","-1.25%"
"06/02/2020","427.31","425.87","427.59","419.46","3.49M","0.33%"
"06/01/2020","425.92","418.83","426.72","415.98","3.75M","1.47%"
"05/29/2020","419.73","417.46","420.30","411.85","5.27M","1.52%"
"05/28/2020","413.44","417.24","422.37","411.50","5.66M","-1.54%"
"05/27/2020","419.89","410.38","420.02","397.86","10.45M","1.23%"
"05/26/2020","414.77","427.77","428.50","413.14","7.88M","-3.39%"
"05/22/2020","429.32","437.00","439.09","427.18","5.42M","-1.59%"
"05/21/2020","436.25","448.56","448.96","430.25","9.12M","-2.55%"
"05/20/2020","447.67","454.25","455.81","444.00","5.61M","-0.75%"
"05/19/2020","451.04","453.40","458.97","450.46","4.81M","-0.34%"
"05/18/2020","452.58","451.16","456.36","443.35","7.78M","-0.35%"
"05/15/2020","454.19","440.70","455.00","437.51","7.24M","2.77%"
"05/14/2020","441.95","444.90","452.38","432.82","9.01M","0.84%"
"05/13/2020","438.27","435.69","447.00","427.27","7.01M","1.49%"
"05/12/2020","431.82","442.00","444.17","431.36","4.60M","-1.97%"
"05/11/2020","440.52","436.33","444.89","435.56","5.49M","1.14%"
"05/08/2020","435.55","434.14","442.00","433.64","5.05M","-0.22%"
"05/07/2020","436.53","436.89","438.88","430.66","5.65M","0.52%"
"05/06/2020","434.26","429.30","439.77","426.39","6.66M","2.26%"
"05/05/2020","424.68","427.55","431.00","421.56","6.29M","-0.81%"
"05/04/2020","428.15","417.78","428.54","414.87","7.80M","3.10%"
"05/01/2020","415.27","415.10","427.97","411.73","8.30M","-1.09%"
"04/30/2020","419.85","410.31","424.44","408.00","7.95M","1.93%"
"04/29/2020","411.89","399.53","415.86","393.60","9.69M","2.00%"
"04/28/2020","403.83","419.99","421.00","402.91","10.10M","-4.16%"
"04/27/2020","421.38","425.00","429.00","420.84","6.28M","-0.85%"
"04/24/2020","424.99","425.00","427.17","415.88","8.67M","-0.40%"
"04/23/2020","426.70","419.26","438.41","419.26","13.95M","1.25%"
"04/22/2020","421.42","429.73","433.00","413.00","21.12M","-2.86%"
"04/21/2020","433.83","444.77","447.00","425.60","23.18M","-0.84%"
"04/20/2020","437.49","435.17","444.49","430.56","12.66M","3.44%"
"04/17/2020","422.96","431.00","432.00","414.70","12.62M","-3.69%"
"04/16/2020","439.17","437.00","449.52","431.61","16.13M","2.91%"
"04/15/2020","426.75","413.00","434.98","412.25","13.56M","3.19%"
"04/14/2020","413.55","397.50","417.82","394.85","11.58M","4.24%"
"04/13/2020","396.72","371.31","400.51","367.70","11.69M","7.01%"
"04/09/2020","370.72","371.06","372.10","363.03","7.71M","-0.11%"
"04/08/2020","371.12","374.01","378.39","368.31","6.91M","-0.31%"
"04/07/2020","372.28","380.00","381.33","369.34","7.05M","-2.02%"
"04/06/2020","379.96","365.22","380.29","361.71","8.18M","5.03%"
"04/03/2020","361.76","367.47","370.90","357.51","4.86M","-2.25%"
"04/02/2020","370.08","364.08","370.99","360.06","4.59M","1.65%"
"04/01/2020","364.08","376.05","380.23","361.02","6.67M","-3.04%"
"03/31/2020","375.50","367.93","383.01","366.44","9.37M","1.22%"
"03/30/2020","370.96","363.00","377.80","361.17","8.62M","3.88%"
"03/27/2020","357.12","359.09","368.56","353.00","7.95M","-1.62%"
"03/26/2020","362.99","344.00","363.84","341.73","7.24M","6.02%"
"03/25/2020","342.39","361.02","362.00","339.17","8.77M","-4.18%"
"03/24/2020","357.32","369.91","372.05","353.21","11.64M","-0.82%"
"03/23/2020","360.27","347.89","366.11","340.88","13.45M","8.24%"
"03/20/2020","332.83","342.31","350.49","332.00","10.85M","0.24%"
"03/19/2020","332.03","324.06","348.38","316.87","10.62M","5.25%"
"03/18/2020","315.47","300.77","331.50","300.03","12.59M","-1.34%"
"03/17/2020","319.75","306.19","322.90","290.25","10.01M","7.00%"
"03/16/2020","298.84","306.63","334.35","294.75","10.56M","-11.14%"
"03/13/2020","336.30","330.51","336.42","307.39","9.46M","6.68%"
"03/12/2020","315.25","326.50","335.72","307.32","12.07M","-9.91%"
"03/11/2020","349.92","358.92","362.98","344.79","6.06M","-3.90%"
"03/10/2020","364.13","356.43","364.54","347.85","7.60M","5.09%"
"03/09/2020","346.49","343.86","357.47","341.72","7.41M","-6.09%"
"03/06/2020","368.97","367.70","371.31","356.85","8.15M","-1.02%"
"03/05/2020","372.78","381.00","391.40","368.64","8.75M","-2.87%"
"03/04/2020","383.79","377.77","384.01","370.51","5.49M","4.07%"
"03/03/2020","368.77","381.03","393.52","367.40","8.36M","-3.22%"
"03/02/2020","381.05","373.11","381.36","364.50","7.00M","3.26%"
"02/28/2020","369.03","364.21","376.77","356.80","11.18M","-0.72%"
"02/27/2020","371.71","371.46","391.56","370.60","10.97M","-1.99%"
"02/26/2020","379.24","366.31","382.00","365.00","8.96M","5.32%"
"02/25/2020","360.09","372.00","375.65","357.72","6.48M","-2.34%"
"02/24/2020","368.70","364.76","372.82","361.00","6.94M","-2.99%"
"02/21/2020","380.07","385.33","387.32","377.90","3.94M","-1.54%"
"02/20/2020","386.00","386.56","389.70","376.68","4.08M","-0.05%"
"02/19/2020","386.19","388.12","392.95","384.90","4.90M","-0.41%"
"02/18/2020","387.78","379.30","389.54","379.19","5.18M","1.94%"
"02/14/2020","380.40","381.47","385.15","379.43","3.74M","-0.26%"
"02/13/2020","381.40","376.96","385.37","376.51","4.49M","0.37%"
"02/12/2020","380.01","377.18","380.62","375.88","4.62M","1.69%"
"02/11/2020","373.69","373.75","378.11","369.72","4.77M","0.71%"
"02/10/2020","371.07","365.00","374.80","362.52","5.29M","1.17%"
"02/07/2020","366.77","365.04","371.80","363.57","4.39M","-0.05%"
"02/06/2020","366.95","369.60","371.55","362.50","3.92M","-0.74%"
"02/05/2020","369.67","375.12","375.25","362.30","6.44M","0.18%"
"02/04/2020","369.01","361.00","369.57","356.10","7.16M","3.08%"
"02/03/2020","358.00","347.24","359.63","346.28","6.67M","3.74%"
"01/31/2020","345.09","347.39","347.39","340.98","5.23M","-0.76%"
"01/30/2020","347.74","341.10","348.20","339.25","5.33M","1.33%"
"01/29/2020","343.16","349.00","349.40","338.55","7.65M","-1.54%"
"01/28/2020","348.52","345.88","352.40","342.78","6.82M","1.64%"
"01/27/2020","342.88","345.95","351.90","341.02","7.71M","-2.91%"
"01/24/2020","353.16","348.46","359.85","345.88","17.94M","1.02%"
"01/23/2020","349.60","326.04","349.88","325.01","18.20M","7.24%"
"01/22/2020","326.00","332.55","336.30","323.60","21.73M","-3.58%"
"01/21/2020","338.11","340.00","341.00","332.59","14.35M","-0.46%"
"01/17/2020","339.67","341.00","341.57","337.38","6.07M","0.31%"
"01/16/2020","338.62","343.50","343.56","335.85","5.02M","-0.13%"
"01/15/2020","339.07","338.68","343.17","336.60","5.16M","0.11%"
"01/14/2020","338.69","344.40","345.38","335.52","7.20M","-0.07%"
"01/13/2020","338.92","331.80","340.85","331.51","6.30M","3.00%"
"01/10/2020","329.05","337.13","338.50","327.27","4.72M","-1.97%"
"01/09/2020","335.66","342.00","343.42","334.61","4.72M","-1.06%"
"01/08/2020","339.26","331.49","342.70","331.05","7.11M","2.57%"
"01/07/2020","330.75","336.47","336.70","330.30","4.74M","-1.51%"
"01/06/2020","335.83","323.12","336.36","321.20","5.67M","3.05%"
"01/03/2020","325.90","326.78","329.86","325.53","3.80M","-1.19%"
"01/02/2020","329.81","326.10","329.98","324.78","4.35M","1.93%"